Algorithm ID,Display Name
3d:tessellate,Tessellate
gdal:aspect,Aspect
gdal:assignprojection,Assign projection
gdal:buffervectors,Buffer vectors
gdal:buildvirtualraster,Build virtual raster
gdal:buildvirtualvector,Build virtual vector
gdal:cliprasterbyextent,Clip raster by extent
gdal:cliprasterbymasklayer,Clip raster by mask layer
gdal:clipvectorbyextent,Clip vector by extent
gdal:clipvectorbypolygon,Clip vector by mask layer
gdal:colorrelief,Color relief
gdal:contour,Contour
gdal:contour_polygon,Contour Polygons
gdal:convertformat,Convert format
gdal:dissolve,Dissolve
gdal:executesql,Execute SQL
gdal:extractprojection,Extract projection
gdal:fillnodata,Fill NoData
gdal:gdal2tiles,gdal2tiles
gdal:gdal2xyz,gdal2xyz
gdal:gdalinfo,Raster information
gdal:gridaverage,Grid (Moving average)
gdal:griddatametrics,Grid (Data metrics)
gdal:gridinversedistance,Grid (Inverse distance to a power)
gdal:gridinversedistancenearestneighbor,Grid (IDW with nearest neighbor searching)
gdal:gridlinear,Grid (Linear)
gdal:gridnearestneighbor,Grid (Nearest neighbor)
gdal:hillshade,Hillshade
gdal:importvectorintopostgisdatabaseavailableconnections,Export to PostgreSQL (available connections)
gdal:importvectorintopostgisdatabasenewconnection,Export to PostgreSQL (new connection)
gdal:merge,Merge
gdal:nearblack,Near black
gdal:offsetcurve,Offset curve
gdal:ogrinfo,Vector information
gdal:onesidebuffer,One side buffer
gdal:overviews,Build overviews (pyramids)
gdal:pansharp,Pansharpening
gdal:pcttorgb,PCT to RGB
gdal:pointsalonglines,Points along lines
gdal:polygonize,Polygonize (raster to vector)
gdal:proximity,Proximity (raster distance)
gdal:rastercalculator,Raster calculator
gdal:rasterize,Rasterize (vector to raster)
gdal:rasterize_over,Rasterize (overwrite with attribute)
gdal:rasterize_over_fixed_value,Rasterize (overwrite with fixed value)
gdal:rearrange_bands,Rearrange bands
gdal:retile,Retile
gdal:rgbtopct,RGB to PCT
gdal:roughness,Roughness
gdal:sieve,Sieve
gdal:slope,Slope
gdal:tileindex,Tile index
gdal:tpitopographicpositionindex,Topographic Position Index (TPI)
gdal:translate,Translate (convert format)
gdal:triterrainruggednessindex,Terrain Ruggedness Index (TRI)
gdal:viewshed,Viewshed
gdal:warpreproject,Warp (reproject)
grass:g.extension.list,g.extension.list
grass:g.extension.manage,g.extension.manage
grass:g.version,g.version
grass:i.albedo,i.albedo
grass:i.aster.toar,i.aster.toar
grass:i.atcorr,i.atcorr
grass:i.biomass,i.biomass
grass:i.cca,i.cca
grass:i.cluster,i.cluster
grass:i.colors.enhance,i.colors.enhance
grass:i.eb.eta,i.eb.eta
grass:i.eb.evapfr,i.eb.evapfr
grass:i.eb.hsebal01.coords,i.eb.hsebal01.coords
grass:i.eb.netrad,i.eb.netrad
grass:i.eb.soilheatflux,i.eb.soilheatflux
grass:i.emissivity,i.emissivity
grass:i.evapo.mh,i.evapo.mh
grass:i.evapo.pm,i.evapo.pm
grass:i.evapo.pt,i.evapo.pt
grass:i.evapo.time,i.evapo.time
grass:i.fft,i.fft
grass:i.gensig,i.gensig
grass:i.gensigset,i.gensigset
grass:i.group,i.group
grass:i.his.rgb,i.his.rgb
grass:i.ifft,i.ifft
grass:i.image.mosaic,i.image.mosaic
grass:i.in.spotvgt,i.in.spotvgt
grass:i.landsat.acca,i.landsat.acca
grass:i.landsat.toar,i.landsat.toar
grass:i.maxlik,i.maxlik
grass:i.modis.qc,i.modis.qc
grass:i.oif,i.oif
grass:i.pansharpen,i.pansharpen
grass:i.pca,i.pca
grass:i.rgb.his,i.rgb.his
grass:i.segment,i.segment
grass:i.smap,i.smap
grass:i.tasscap,i.tasscap
grass:i.topo.coor.ill,i.topo.coor.ill
grass:i.topo.corr,i.topo.corr
grass:i.vi,i.vi
grass:i.zc,i.zc
grass:m.cogo,m.cogo
grass:nviz,nviz
grass:r.basins.fill,r.basins.fill
grass:r.blend.combine,r.blend.combine
grass:r.blend.rgb,r.blend.rgb
grass:r.buffer,r.buffer
grass:r.buffer.lowmem,r.buffer.lowmem
grass:r.carve,r.carve
grass:r.category,r.category
grass:r.category.out,r.category.out
grass:r.circle,r.circle
grass:r.clump,r.clump
grass:r.coin,r.coin
grass:r.colors,r.colors
grass:r.colors.out,r.colors.out
grass:r.colors.stddev,r.colors.stddev
grass:r.composite,r.composite
grass:r.contour,r.contour
grass:r.cost,r.cost
grass:r.covar,r.covar
grass:r.cross,r.cross
grass:r.describe,r.describe
grass:r.distance,r.distance
grass:r.drain,r.drain
grass:r.fill.dir,r.fill.dir
grass:r.fill.stats,r.fill.stats
grass:r.fillnulls,r.fillnulls
grass:r.flow,r.flow
grass:r.geomorphon,r.geomorphon
grass:r.grow,r.grow
grass:r.grow.distance,r.grow.distance
grass:r.gwflow,r.gwflow
grass:r.his,r.his
grass:r.horizon,r.horizon
grass:r.horizon.height,r.horizon.height
grass:r.in.lidar,r.in.lidar
grass:r.in.lidar.info,r.in.lidar.info
grass:r.info,r.info
grass:r.kappa,r.kappa
grass:r.lake,r.lake
grass:r.latlong,r.latlong
grass:r.li.cwed,r.li.cwed
grass:r.li.cwed.ascii,r.li.cwed.ascii
grass:r.li.dominance,r.li.dominance
grass:r.li.dominance.ascii,r.li.dominance.ascii
grass:r.li.edgedensity,r.li.edgedensity
grass:r.li.edgedensity.ascii,r.li.edgedensity.ascii
grass:r.li.mpa,r.li.mpa
grass:r.li.mpa.ascii,r.li.mpa.ascii
grass:r.li.mps,r.li.mps
grass:r.li.mps.ascii,r.li.mps.ascii
grass:r.li.padcv,r.li.padcv
grass:r.li.padcv.ascii,r.li.padcv.ascii
grass:r.li.padrange,r.li.padrange
grass:r.li.padrange.ascii,r.li.padrange.ascii
grass:r.li.padsd,r.li.padsd
grass:r.li.padsd.ascii,r.li.padsd.ascii
grass:r.li.patchdensity,r.li.patchdensity
grass:r.li.patchdensity.ascii,r.li.patchdensity.ascii
grass:r.li.patchnum,r.li.patchnum
grass:r.li.patchnum.ascii,r.li.patchnum.ascii
grass:r.li.pielou,r.li.pielou
grass:r.li.pielou.ascii,r.li.pielou.ascii
grass:r.li.renyi,r.li.renyi
grass:r.li.renyi.ascii,r.li.renyi.ascii
grass:r.li.richness,r.li.richness
grass:r.li.richness.ascii,r.li.richness.ascii
grass:r.li.shannon,r.li.shannon
grass:r.li.shannon.ascii,r.li.shannon.ascii
grass:r.li.shape,r.li.shape
grass:r.li.shape.ascii,r.li.shape.ascii
grass:r.li.simpson,r.li.simpson
grass:r.li.simpson.ascii,r.li.simpson.ascii
grass:r.mapcalc.simple,r.mapcalc.simple
grass:r.mask.rast,r.mask.rast
grass:r.mask.vect,r.mask.vect
grass:r.mfilter,r.mfilter
grass:r.mode,r.mode
grass:r.neighbors,r.neighbors
grass:r.null,r.null
grass:r.out.ascii,r.out.ascii
grass:r.out.gridatb,r.out.gridatb
grass:r.out.mat,r.out.mat
grass:r.out.mpeg,r.out.mpeg
grass:r.out.png,r.out.png
grass:r.out.pov,r.out.pov
grass:r.out.ppm,r.out.ppm
grass:r.out.ppm3,r.out.ppm3
grass:r.out.vrml,r.out.vrml
grass:r.out.vtk,r.out.vtk
grass:r.out.xyz,r.out.xyz
grass:r.param.scale,r.param.scale
grass:r.patch,r.patch
grass:r.path,r.path
grass:r.path.coordinate.txt,r.path.coordinate.txt
grass:r.plane,r.plane
grass:r.profile,r.profile
grass:r.proj,r.proj
grass:r.quant,r.quant
grass:r.quantile,r.quantile
grass:r.quantile.plain,r.quantile.plain
grass:r.random,r.random
grass:r.random.cells,r.random.cells
grass:r.random.surface,r.random.surface
grass:r.reclass,r.reclass
grass:r.reclass.area,r.reclass.area
grass:r.recode,r.recode
grass:r.regression.line,r.regression.line
grass:r.regression.multi,r.regression.multi
grass:r.relief,r.relief
grass:r.relief.scaling,r.relief.scaling
grass:r.report,r.report
grass:r.resamp.bspline,r.resamp.bspline
grass:r.resamp.filter,r.resamp.filter
grass:r.resamp.interp,r.resamp.interp
grass:r.resamp.rst,r.resamp.rst
grass:r.resamp.stats,r.resamp.stats
grass:r.resample,r.resample
grass:r.rescale,r.rescale
grass:r.rescale.eq,r.rescale.eq
grass:r.rgb,r.rgb
grass:r.ros,r.ros
grass:r.series,r.series
grass:r.series.accumulate,r.series.accumulate
grass:r.series.interp,r.series.interp
grass:r.shade,r.shade
grass:r.sim.sediment,r.sim.sediment
grass:r.sim.water,r.sim.water
grass:r.slope.aspect,r.slope.aspect
grass:r.solute.transport,r.solute.transport
grass:r.spread,r.spread
grass:r.spreadpath,r.spreadpath
grass:r.statistics,r.statistics
grass:r.stats,r.stats
grass:r.stats.quantile.out,r.stats.quantile.out
grass:r.stats.quantile.rast,r.stats.quantile.rast
grass:r.stats.zonal,r.stats.zonal
grass:r.stream.extract,r.stream.extract
grass:r.sun.incidout,r.sun.incidout
grass:r.sun.insoltime,r.sun.insoltime
grass:r.sunhours,r.sunhours
grass:r.sunmask.datetime,r.sunmask.datetime
grass:r.sunmask.position,r.sunmask.position
grass:r.surf.area,r.surf.area
grass:r.surf.contour,r.surf.contour
grass:r.surf.fractal,r.surf.fractal
grass:r.surf.gauss,r.surf.gauss
grass:r.surf.idw,r.surf.idw
grass:r.surf.random,r.surf.random
grass:r.terraflow,r.terraflow
grass:r.texture,r.texture
grass:r.thin,r.thin
grass:r.tile,r.tile
grass:r.tileset,r.tileset
grass:r.to.vect,r.to.vect
grass:r.topidx,r.topidx
grass:r.topmodel,r.topmodel
grass:r.topmodel.topidxstats,r.topmodel.topidxstats
grass:r.transect,r.transect
grass:r.univar,r.univar
grass:r.uslek,r.uslek
grass:r.usler,r.usler
grass:r.viewshed,r.viewshed
grass:r.volume,r.volume
grass:r.walk.coords,r.walk.coords
grass:r.walk.points,r.walk.points
grass:r.walk.rast,r.walk.rast
grass:r.water.outlet,r.water.outlet
grass:r.watershed,r.watershed
grass:r.what.color,r.what.color
grass:r.what.coords,r.what.coords
grass:r.what.points,r.what.points
grass:v.buffer,v.buffer
grass:v.build.check,v.build.check
grass:v.build.polylines,v.build.polylines
grass:v.class,v.class
grass:v.clean,v.clean
grass:v.cluster,v.cluster
grass:v.db.select,v.db.select
grass:v.decimate,v.decimate
grass:v.delaunay,v.delaunay
grass:v.dissolve,v.dissolve
grass:v.distance,v.distance
grass:v.drape,v.drape
grass:v.edit,v.edit
grass:v.extract,v.extract
grass:v.extrude,v.extrude
grass:v.generalize,v.generalize
grass:v.hull,v.hull
grass:v.in.ascii,v.in.ascii
grass:v.in.dxf,v.in.dxf
grass:v.in.e00,v.in.e00
grass:v.in.geonames,v.in.geonames
grass:v.in.lidar,v.in.lidar
grass:v.in.lines,v.in.lines
grass:v.in.mapgen,v.in.mapgen
grass:v.in.wfs,v.in.wfs
grass:v.info,v.info
grass:v.kcv,v.kcv
grass:v.kernel.rast,v.kernel.rast
grass:v.kernel.vector,v.kernel.vector
grass:v.lidar.correction,v.lidar.correction
grass:v.lidar.edgedetection,v.lidar.edgedetection
grass:v.lidar.growing,v.lidar.growing
grass:v.mkgrid,v.mkgrid
grass:v.neighbors,v.neighbors
grass:v.net,v.net
grass:v.net.alloc,v.net.alloc
grass:v.net.allpairs,v.net.allpairs
grass:v.net.bridge,v.net.bridge
grass:v.net.centrality,v.net.centrality
grass:v.net.components,v.net.components
grass:v.net.connectivity,v.net.connectivity
grass:v.net.distance,v.net.distance
grass:v.net.flow,v.net.flow
grass:v.net.iso,v.net.iso
grass:v.net.nreport,v.net.nreport
grass:v.net.path,v.net.path
grass:v.net.report,v.net.report
grass:v.net.salesman,v.net.salesman
grass:v.net.spanningtree,v.net.spanningtree
grass:v.net.steiner,v.net.steiner
grass:v.net.timetable,v.net.timetable
grass:v.net.visibility,v.net.visibility
grass:v.normal,v.normal
grass:v.out.ascii,v.out.ascii
grass:v.out.dxf,v.out.dxf
grass:v.out.postgis,v.out.postgis
grass:v.out.pov,v.out.pov
grass:v.out.svg,v.out.svg
grass:v.out.vtk,v.out.vtk
grass:v.outlier,v.outlier
grass:v.overlay,v.overlay
grass:v.pack,v.pack
grass:v.parallel,v.parallel
grass:v.patch,v.patch
grass:v.perturb,v.perturb
grass:v.proj,v.proj
grass:v.qcount,v.qcount
grass:v.random,v.random
grass:v.rast.stats,v.rast.stats
grass:v.reclass,v.reclass
grass:v.rectify,v.rectify
grass:v.report,v.report
grass:v.sample,v.sample
grass:v.segment,v.segment
grass:v.select,v.select
grass:v.split,v.split
grass:v.surf.bspline,v.surf.bspline
grass:v.surf.idw,v.surf.idw
grass:v.surf.rst,v.surf.rst
grass:v.surf.rst.cvdev,v.surf.rst.cvdev
grass:v.to.3d,v.to.3d
grass:v.to.lines,v.to.lines
grass:v.to.points,v.to.points
grass:v.to.rast,v.to.rast
grass:v.transform,v.transform
grass:v.type,v.type
grass:v.univar,v.univar
grass:v.vect.stats,v.vect.stats
grass:v.voronoi,v.voronoi
grass:v.voronoi.skeleton,v.voronoi.skeleton
grass:v.what.rast,v.what.rast
grass:v.what.vect,v.what.vect
native:addautoincrementalfield,Add autoincremental field
native:addfieldtoattributestable,Add field to attributes table
native:adduniquevalueindexfield,Add unique value index field
native:addxyfields,Add X/Y fields to layer
native:affinetransform,Affine transform
native:aggregate,Aggregate
native:alignrasters,Align rasters
native:alignsingleraster,Align raster
native:angletonearest,Align points to features
native:antimeridiansplit,Geodesic line split at antimeridian
native:arrayoffsetlines,Array of offset (parallel) lines
native:arraytranslatedfeatures,Array of translated features
native:aspect,Aspect
native:assignprojection,Assign projection
native:atlaslayouttoimage,Export atlas layout as image
native:atlaslayouttomultiplepdf,Export atlas layout as PDF (multiple files)
native:atlaslayouttopdf,Export atlas layout as PDF (single file)
native:b3dmtogltf,Convert B3DM to GLTF
native:batchnominatimgeocoder,Batch Nominatim geocoder
native:bookmarkstolayer,Convert spatial bookmarks to layer
native:boundary,Boundary
native:boundingboxes,Bounding boxes
native:buffer,Buffer
native:bufferbym,Variable width buffer (by M value)
native:calculateexpression,Calculate expression
native:calculatevectoroverlaps,Overlap analysis
native:categorizeusingstyle,Create categorized renderer from styles
native:cellstackpercentile,Cell stack percentile
native:cellstackpercentrankfromrasterlayer,Cell stack percentrank from raster layer
native:cellstackpercentrankfromvalue,Cell stack percent rank from value
native:cellstatistics,Cell statistics
native:centroids,Centroids
native:clip,Clip
native:collect,Collect geometries
native:combinestyles,Combine style databases
native:concavehull,Concave hull
native:condition,Conditional branch
native:convertgpsdata,Convert GPS data
native:convertgpxfeaturetype,Convert GPX feature type
native:converttocurves,Convert to curved geometries
native:convexhull,Convex hull
native:countpointsinpolygon,Count points in polygon
native:coveragesimplify,Simplify coverage
native:coverageunion,Dissolve coverage
native:coveragevalidate,Validate coverage
native:createattributeindex,Create attribute index
native:createconstantrasterlayer,Create constant raster layer
native:createdirectory,Create directory
native:creategrid,Create grid
native:createpointslayerfromtable,Create points layer from table
native:createrandombinomialrasterlayer,Create random raster layer (binomial distribution)
native:createrandomexponentialrasterlayer,Create random raster layer (exponential distribution)
native:createrandomgammarasterlayer,Create random raster layer (gamma distribution)
native:createrandomgeometricrasterlayer,Create random raster layer (geometric distribution)
native:createrandomnegativebinomialrasterlayer,Create random raster layer (negative binomial distribution)
native:createrandomnormalrasterlayer,Create random raster layer (normal distribution)
native:createrandompoissonrasterlayer,Create random raster layer (poisson distribution)
native:createrandomuniformrasterlayer,Create random raster layer (uniform distribution)
native:createspatialindex,Create spatial index
native:dbscanclustering,DBSCAN clustering
native:delaunaytriangulation,Delaunay triangulation
native:deletecolumn,Drop field(s)
native:deleteduplicategeometries,Delete duplicate geometries
native:deleteholes,Delete holes
native:densifygeometries,Densify by count
native:densifygeometriesgivenaninterval,Densify by interval
native:detectvectorchanges,Detect dataset changes
native:difference,Difference
native:dissolve,Dissolve
native:downloadgpsdata,Download GPS data from device
native:downloadvectortiles,Download vector tiles
native:dropgeometries,Drop geometries
native:dropmzvalues,Drop M/Z values
native:dtmslopebasedfilter,DTM filter (slope-based)
native:dxfexport,Export layers to DXF
native:equaltofrequency,Equal to frequency
native:explodehstorefield,Explode HStore Field
native:explodelines,Explode lines
native:exportlayersinformation,Export layer(s) information
native:exportmeshedges,Export mesh edges
native:exportmeshfaces,Export mesh faces
native:exportmeshongrid,Export mesh on grid
native:exportmeshvertices,Export mesh vertices
native:exporttospreadsheet,Export to spreadsheet
native:extendlines,Extend lines
native:extenttolayer,Create layer from extent
native:extractbinary,Extract binary field
native:extractbyattribute,Extract by attribute
native:extractbyexpression,Extract by expression
native:extractbyextent,Extract/clip by extent
native:extractbylocation,Extract by location
native:extractlabels,Extract labels
native:extractmvalues,Extract M values
native:extractspecificvertices,Extract specific vertices
native:extractvertices,Extract vertices
native:extractwithindistance,Extract within distance
native:extractzvalues,Extract Z values
native:fieldcalculator,Field calculator
native:filedownloader,Download file
native:fillnodata,Fill NoData cells
native:filter,Feature filter
native:filterbygeometry,Filter by geometry type
native:filterlayersbytype,Filter layers by type
native:filterverticesbym,Filter vertices by M value
native:filterverticesbyz,Filter vertices by Z value
native:fixgeometries,Fix geometries
native:flattenrelationships,Flatten relationship
native:forcerhr,Force right-hand-rule
native:fuzzifyrastergaussianmembership,Fuzzify raster (gaussian membership)
native:fuzzifyrasterlargemembership,Fuzzify raster (large membership)
native:fuzzifyrasterlinearmembership,Fuzzify raster (linear membership)
native:fuzzifyrasternearmembership,Fuzzify raster (near membership)
native:fuzzifyrasterpowermembership,Fuzzify raster (power membership)
native:fuzzifyrastersmallmembership,Fuzzify raster (small membership)
native:generatepointspixelcentroidsinsidepolygons,Generate points (pixel centroids) inside polygons
native:geometrybyexpression,Geometry by expression
native:gltftovector,Convert GLTF to vector features
native:greaterthanfrequency,Greater than frequency
native:highestpositioninrasterstack,Highest position in raster stack
native:hillshade,Hillshade
native:hublines,Join by lines (hub lines)
native:importintopostgis,Export to PostgreSQL
native:importphotos,Import geotagged photos
native:interpolatepoint,Interpolate point on line
native:intersection,Intersection
native:joinattributesbylocation,Join attributes by location
native:joinattributestable,Join attributes by field value
native:joinbylocationsummary,Join attributes by location (summary)
native:joinbynearest,Join attributes by nearest
native:keepnbiggestparts,Keep N biggest parts
native:kmeansclustering,K-means clustering
native:layertobookmarks,Convert layer to spatial bookmarks
native:lessthanfrequency,Less than frequency
native:linedensity,Line density
native:lineintersections,Line intersections
native:linesubstring,Line substring
native:loadlayer,Load layer into project
native:lowestpositioninrasterstack,Lowest position in raster stack
native:meancoordinates,Mean coordinate(s)
native:mergelines,Merge lines
native:mergevectorlayers,Merge vector layers
native:meshcontours,Export contours
native:meshexportcrosssection,Export cross section dataset values on lines from mesh
native:meshexporttimeseries,Export time series values from points of a mesh dataset
native:meshrasterize,Rasterize mesh dataset
native:minimumenclosingcircle,Minimum enclosing circles
native:modelerrastercalc,Raster calculator
native:modelervirtualrastercalc,Raster calculator (virtual)
native:multidifference,Difference (multiple)
native:multiintersection,Intersection (multiple)
native:multiparttosingleparts,Multipart to singleparts
native:multiringconstantbuffer,Multi-ring buffer (constant distance)
native:multiunion,Union (multiple)
native:nearestneighbouranalysis,Nearest neighbour analysis
native:offsetline,Offset lines
native:orderbyexpression,Order by expression
native:orientedminimumboundingbox,Oriented minimum bounding box
native:orthogonalize,Orthogonalize
native:package,Package layers
native:pixelstopoints,Raster pixels to points
native:pixelstopolygons,Raster pixels to polygons
native:pointonsurface,Point on surface
native:pointsalonglines,Points along geometry
native:pointstopath,Points to path
native:pointtolayer,Create layer from point
native:poleofinaccessibility,Pole of inaccessibility
native:polygonfromlayerextent,Extract layer extent
native:polygonize,Polygonize
native:polygonstolines,Polygons to lines
native:postgisexecutesql,PostgreSQL execute SQL
native:printlayoutmapextenttolayer,Print layout map extent to layer
native:printlayouttoimage,Export print layout as image
native:printlayouttopdf,Export print layout as PDF
native:projectpointcartesian,Project points (Cartesian)
native:promotetomulti,Promote to multipart
native:raiseexception,Raise exception
native:raisemessage,Raise message
native:raisewarning,Raise warning
native:randomextract,Random extract
native:randompointsinextent,Random points in extent
native:randompointsinpolygons,Random points in polygons
native:randompointsonlines,Random points on lines
native:rasterbooleanand,Raster boolean AND
native:rastercalc,Raster calculator
native:rasterize,Convert map to raster
native:rasterlayerproperties,Raster layer properties
native:rasterlayerstatistics,Raster layer statistics
native:rasterlayeruniquevaluesreport,Raster layer unique values report
native:rasterlayerzonalstats,Raster layer zonal statistics
native:rasterlogicalor,Raster boolean OR
native:rastersampling,Sample raster values
native:rastersurfacevolume,Raster surface volume
native:reclassifybylayer,Reclassify by layer
native:reclassifybytable,Reclassify by table
native:rectanglesovalsdiamonds,"Rectangles, ovals, diamonds"
native:refactorfields,Refactor fields
native:removeduplicatesbyattribute,Delete duplicates by attribute
native:removeduplicatevertices,Remove duplicate vertices
native:removenullgeometries,Remove null geometries
native:renamelayer,Rename layer
native:renametablefield,Rename field
native:repairshapefile,Repair Shapefile
native:reprojectlayer,Reproject layer
native:rescaleraster,Rescale raster
native:retainfields,Retain fields
native:reverselinedirection,Reverse line direction
native:rotatefeatures,Rotate
native:roundness,Roundness
native:roundrastervalues,Round raster
native:ruggednessindex,Ruggedness index
native:savefeatures,Save vector features to file
native:savelog,Save log to file
native:saveselectedfeatures,Extract selected features
native:segmentizebymaxangle,Segmentize by maximum angle
native:segmentizebymaxdistance,Segmentize by maximum distance
native:selectbylocation,Select by location
native:selectwithindistance,Select within distance
native:serviceareafromlayer,Service area (from layer)
native:serviceareafrompoint,Service area (from point)
native:setlayerencoding,Set layer encoding
native:setlayerstyle,Set layer style
native:setmfromraster,Set M value from raster
native:setmvalue,Set M value
native:setprojectvariable,Set project variable
native:setzfromraster,Drape (set Z value from raster)
native:setzvalue,Set Z value
native:shortestline,Shortest line between features
native:shortestpathlayertopoint,Shortest path (layer to point)
native:shortestpathpointtolayer,Shortest path (point to layer)
native:shortestpathpointtopoint,Shortest path (point to point)
native:shpencodinginfo,Extract Shapefile encoding
native:simplifygeometries,Simplify
native:singlesidedbuffer,Single sided buffer
native:slope,Slope
native:smoothgeometry,Smooth
native:snapgeometries,Snap geometries to layer
native:snappointstogrid,Snap points to grid
native:spatialiteexecutesql,SpatiaLite execute SQL
native:spatialiteexecutesqlregistered,SpatiaLite execute SQL (registered DB)
native:splitfeaturesbycharacter,Split features by character
native:splitlinesbylength,Split lines by maximum length
native:splitvectorlayer,Split vector layer
native:splitwithlines,Split with lines
native:stdbscanclustering,ST-DBSCAN clustering
native:stringconcatenation,String concatenation
native:stylefromproject,Create style database from project
native:subdivide,Subdivide
native:sumlinelengths,Sum line lengths
native:swapxy,Swap X and Y coordinates
native:symmetricaldifference,Symmetrical difference
native:taperedbuffer,Tapered buffers
native:tilesxyzdirectory,Generate XYZ tiles (Directory)
native:tilesxyzmbtiles,Generate XYZ tiles (MBTiles)
native:tinmeshcreation,TIN Mesh Creation
native:transect,Transect
native:transferannotationsfrommain,Transfer annotations from main layer
native:translategeometry,Translate
native:truncatetable,Truncate table
native:union,Union
native:uploadgpsdata,Upload GPS data to device
native:virtualrastercalc,Raster calculator (virtual)
native:voronoipolygons,Voronoi polygons
native:wedgebuffers,Create wedge buffers
native:writevectortiles_mbtiles,Write Vector Tiles (MBTiles)
native:writevectortiles_xyz,Write Vector Tiles (XYZ)
native:zonalhistogram,Zonal histogram
native:zonalstatistics,Zonal statistics (in place)
native:zonalstatisticsfb,Zonal statistics
qgis:advancedpythonfieldcalculator,Advanced Python field calculator
qgis:barplot,Bar plot
qgis:basicstatisticsforfields,Basic statistics for fields
qgis:boxplot,Box plot
qgis:checkvalidity,Check validity
qgis:climbalongline,Climb along line
qgis:convertgeometrytype,Convert geometry type
qgis:definecurrentprojection,Define Shapefile projection
qgis:distancematrix,Distance matrix
qgis:distancetonearesthublinetohub,Distance to nearest hub (line to hub)
qgis:distancetonearesthubpoints,Distance to nearest hub (points)
qgis:eliminateselectedpolygons,Eliminate selected polygons
qgis:executesql,Execute SQL
qgis:exportaddgeometrycolumns,Add geometry attributes
qgis:findprojection,Find projection
qgis:generatepointspixelcentroidsalongline,Generate points (pixel centroids) along line
qgis:heatmapkerneldensityestimation,Heatmap (Kernel Density Estimation)
qgis:hypsometriccurves,Hypsometric curves
qgis:idwinterpolation,IDW interpolation
qgis:importintospatialite,Export to SpatiaLite
qgis:knearestconcavehull,Concave hull (k-nearest neighbor)
qgis:linestopolygons,Lines to polygons
qgis:listuniquevalues,List unique values
qgis:meanandstandarddeviationplot,Mean and standard deviation plot
qgis:minimumboundinggeometry,Minimum bounding geometry
qgis:pointsdisplacement,Points displacement
qgis:polarplot,Polar plot
qgis:postgisexecuteandloadsql,PostgreSQL execute and load SQL
qgis:randomextractwithinsubsets,Random extract within subsets
qgis:randompointsalongline,Random points along line
qgis:randompointsinlayerbounds,Random points in layer bounds
qgis:randompointsinsidepolygons,Random points inside polygons
qgis:randomselection,Random selection
qgis:randomselectionwithinsubsets,Random selection within subsets
qgis:rastercalculator,Raster calculator
qgis:rasterlayerhistogram,Raster layer histogram
qgis:rectanglesovalsdiamondsvariable,"Rectangles, ovals, diamonds (variable)"
qgis:regularpoints,Regular points
qgis:relief,Relief
qgis:scatter3dplot,Vector layer scatterplot 3D
qgis:selectbyattribute,Select by attribute
qgis:selectbyexpression,Select by expression
qgis:setstyleforrasterlayer,Set style for raster layer
qgis:setstyleforvectorlayer,Set style for vector layer
qgis:statisticsbycategories,Statistics by categories
qgis:texttofloat,Text to float
qgis:tininterpolation,TIN interpolation
qgis:topologicalcoloring,Topological coloring
qgis:variabledistancebuffer,Variable distance buffer
qgis:vectorlayerhistogram,Vector layer histogram
qgis:vectorlayerscatterplot,Vector layer scatterplot
sagang:01:asimplelittersystem,01: a simple litter system
sagang:02:carboncyclesimulationforterrestrialbiomass,02: carbon cycle simulation for terrestrial biomass
sagang:03:spatiallydistributedsimulationofsoilnitrogendynamics,03: spatially distributed simulation of soil nitrogen dynamics
sagang:3dpointsselection,3d points selection
sagang:accumulatedcost,Accumulated cost
sagang:accumulationfunctions,Accumulation functions
sagang:addcoordinatestopoints,Add coordinates to points
sagang:addpointattributestopolygons,Add point attributes to polygons
sagang:addpolygonattributestopoints,Add polygon attributes to points
sagang:addrastervaluestofeatures,Add raster values to features
sagang:addrastervaluestopoints,Add raster values to points
sagang:aggregatepointobservations,Aggregate point observations
sagang:aggregationindex,Aggregation index
sagang:airhumidityconversions,Air humidity conversions
sagang:airpressureadjustment,Air pressure adjustment
sagang:analyticalhierarchyprocess,Analytical hierarchy process
sagang:analyticalhillshading,Analytical hillshading
sagang:angmap,Angmap
sagang:angulardistanceweighted,Angular distance weighted
sagang:annualcourseofdailyinsolation,Annual course of daily insolation
sagang:artificialneuralnetworkclassification,Artificial neural network classification
sagang:automatedcloudcoverassessment,Automated cloud cover assessment
sagang:averagewithmask1,Average with mask 1
sagang:averagewithmask2,Average with mask 2
sagang:averagewiththereshold1,Average with thereshold 1
sagang:averagewiththereshold2,Average with thereshold 2
sagang:averagewiththereshold3,Average with thereshold 3
sagang:basicterrainanalysis,Basic terrain analysis
sagang:binaryerosionreconstruction,Binary erosion-reconstruction
sagang:bioclimaticvariables,Bioclimatic variables
sagang:boostingclassification,Boosting classification
sagang:boundarycellstopolygons,Boundary cells to polygons
sagang:breachdepressions,Breach depressions
sagang:bsplineapproximation,B-spline approximation
sagang:burnstreamnetworkintodem,Burn stream network into dem
sagang:cannyedgedetection,Canny edge detection
sagang:catchmentarea,Catchment area
sagang:catchmentareaflowtracing,Catchment area (flow tracing)
sagang:catchmentarearecursive,Catchment area (recursive)
sagang:categoricalcoincidence,Categorical coincidence
sagang:cellbalance,Cell balance
sagang:changeagridsnodatavalue,Change a grid's no-data value
sagang:changeagridsnodatavaluebulkprocessing,Change a grid's no-data value [bulk processing]
sagang:changedatastorage,Change data storage
sagang:changegridvaluesfloodfill,Change grid values - flood fill
sagang:changelongitudinalrangeforgrids,Change longitudinal range for grids
sagang:channelnetwork,Channel network
sagang:channelnetworkanddrainagebasins,Channel network and drainage basins
sagang:citindex,Cit index
sagang:cliffmetrics,Cliffmetrics
sagang:climateclassification,Climate classification
sagang:clipgrids,Clip grids
sagang:clippointswithpolygons,Clip points with polygons
sagang:cliprasterwithpolygon,Clip raster with polygon
sagang:closegaps,Close gaps
sagang:closegapswithspline,Close gaps with spline
sagang:closegapswithstepwiseresampling,Close gaps with stepwise resampling
sagang:closeonecellgaps,Close one cell gaps
sagang:clouddetection,Cloud detection
sagang:cloudoverlap,Cloud overlap
sagang:cloudshadowdetection,Cloud shadow detection
sagang:clusteranalysisforpointclouds,Cluster analysis for point clouds
sagang:coastalprofilecrossings,Coastal profile crossings
sagang:coldairflow,Cold air flow
sagang:colorisationpc,Colorisation (pc)
sagang:colournormalizedbroveysharpening,Colour normalized brovey sharpening
sagang:colournormalizedspectralsharpening,Colour normalized spectral sharpening
sagang:combineclasses,Combine classes
sagang:concentration,Concentration
sagang:confusionmatrixpolygonsgrid,Confusion matrix (polygons / grid)
sagang:confusionmatrixtwogrids,Confusion matrix (two grids)
sagang:connectedcomponentlabeling,Connected component labeling
sagang:connectivityanalysis,Connectivity analysis
sagang:constantgrid,Constant grid
sagang:contourlines,Contour lines
sagang:contourlinesfrompoints,Contour lines from points
sagang:convergenceindex,Convergence index
sagang:convergenceindexsearchradius,Convergence index (search radius)
sagang:convertlinepolygonverticestopoints,Convert line/polygon vertices to points
sagang:convertlinestopolygons,Convert lines to polygons
sagang:convertmultipointstopoints,Convert multipoints to points
sagang:convertpointstolines,Convert points to line(s)
sagang:convertpolygonlineverticestopoints,Convert polygon/line vertices to points
sagang:convertpolygonstolines,Convert polygons to lines
sagang:converttabletopoints,Convert table to points
sagang:convertvertextype2d3d,Convert vertex type (2d/3d)
sagang:convexhull,Convex hull
sagang:conwaysgameoflife,Conway's game of life
sagang:coordinateconversiongrids,Coordinate conversion (grids)
sagang:coordinateconversiontable,Coordinate conversion (table)
sagang:coordinatereferencesystempicker,Coordinate reference system picker
sagang:coordinatetransformationgrid,Coordinate transformation (grid)
sagang:coordinatetransformationgridlist,Coordinate transformation (grid list)
sagang:coordinatetransformationshapes,Coordinate transformation (shapes)
sagang:coordinatetransformationshapeslist,Coordinate transformation (shapes list)
sagang:copygrid,Copy grid
sagang:copyselectiontonewshapeslayer,Copy selection to new shapes layer
sagang:copyshapes,Copy shapes
sagang:copyshapesfromregion,Copy shapes from region
sagang:countpointsinpolygons,Count points in polygons
sagang:coverageofcategories,Coverage of categories
sagang:covereddistance,Covered distance
sagang:creategraticule,Create graticule
sagang:createpointgrid,Create point grid
sagang:createrandompoints,Create random points
sagang:createrastercataloguefromfiles,Create raster catalogue from files
sagang:createrastercataloguesfromdirectory,Create raster catalogues from directory
sagang:createtileshapefromvirtualpointcloud,Create tileshape from virtual point cloud
sagang:createvirtualpointclouddataset,Create virtual point cloud dataset
sagang:createvirtualrastervrt,Create virtual raster (vrt)
sagang:croptodata,Crop to data
sagang:crossclassificationandtabulation,Cross-classification and tabulation
sagang:crossprofiles,Cross profiles
sagang:curvatureclassification,Curvature classification
sagang:dailyinsolationoverlatitude,Daily insolation over latitude
sagang:dailysolarradiation,Daily solar radiation
sagang:dailytohourlyevapotranspiration,Daily to hourly evapotranspiration
sagang:decisiontree,Decision tree
sagang:decisiontreeclassification,Decision tree classification
sagang:definegeoreferenceforgrids,Define georeference for grids
sagang:deleteselectionfromshapeslayer,Delete selection from shapes layer
sagang:destriping,Destriping
sagang:destripingwithmask,Destriping with mask
sagang:difference,Difference
sagang:diffusepollutionrisk,Diffuse pollution risk
sagang:diffusivehillslopeevolutionadi,Diffusive hillslope evolution (adi)
sagang:diffusivehillslopeevolutionftcs,Diffusive hillslope evolution (ftcs)
sagang:directgeoreferencingofairbornephotographs,Direct georeferencing of airborne photographs
sagang:directionalaverage,Directional average
sagang:directionalgridstatistics,Directional grid statistics
sagang:directionalstatisticsforrasterlayer,Directional statistics for raster layer
sagang:distancevigra,Distance (vigra)
sagang:diurnalanisotropicheat,Diurnal anisotropic heat
sagang:diversityofcategories,Diversity of categories
sagang:downslopedistancegradient,Downslope distance gradient
sagang:droppointcloudattributes,Drop point cloud attributes
sagang:dtmfilterslopebased,Dtm filter (slope-based)
sagang:earthsorbitalparameters,Earth's orbital parameters
sagang:edgecontamination,Edge contamination
sagang:edgedetectionvigra,Edge detection (vigra)
sagang:effectiveairflowheights,Effective air flow heights
sagang:enhancedvegetationindex,Enhanced vegetation index
sagang:evapotranspirationgrid,Evapotranspiration (grid)
sagang:evapotranspirationtable,Evapotranspiration (table)
sagang:exportatlasboundaryfile,Export atlas boundary file
sagang:exportesriarcinfogrid,Export esri arc/info grid
sagang:exportgeotiff,Export geotiff
sagang:exportgpx,Export gpx
sagang:exportgridtoxyz,Export grid to xyz
sagang:exportgstatshapes,Export gstat shapes
sagang:exportlaslazfile,Export las/laz file
sagang:exportpointcloudtotextfile,Export point cloud to text file
sagang:exportpolygonstohtmlimagemap,Export polygons to html image map
sagang:exportraster,Export raster
sagang:exportscalablevectorgraphicssvgfile,Export scalable vector graphics (svg) file
sagang:exportshapes,Export shapes
sagang:exportshapestogenerate,Export shapes to generate
sagang:exportshapestokml,Export shapes to kml
sagang:exportshapestoxyz,Export shapes to xyz
sagang:exportsimplefeaturestowellknowntext,Export simple features to well known text
sagang:exportsurferblankingfile,Export surfer blanking file
sagang:exportsurfergrid,Export surfer grid
sagang:exporttexttable,Export text table
sagang:exporttruecolorbitmap,Export true color bitmap
sagang:exportwaspterrainmapfile,Export wasp terrain map file
sagang:exportwrfgeogridbinaryformat,Export wrf geogrid binary format
sagang:extractclosedlines,Extract closed lines
sagang:fastrepresentativeness,Fast representativeness
sagang:featureextents,Feature extents
sagang:fillsinksplanchondarboux2001,"Fill sinks (planchon/darboux, 2001)"
sagang:fillsinksqmofesp,Fill sinks (qm of esp)
sagang:fillsinkswangliu,Fill sinks (wang & liu)
sagang:fillsinksxxlwangliu,Fill sinks xxl (wang & liu)
sagang:fireriskanalysis,Fire risk analysis
sagang:flatdetection,Flat detection
sagang:flattenpolygonlayer,Flatten polygon layer
sagang:fliplinedirection,Flip line direction
sagang:flowaccumulationonestep,Flow accumulation (one step)
sagang:flowaccumulationparallelizable,Flow accumulation (parallelizable)
sagang:flowaccumulationqmofesp,Flow accumulation (qm of esp)
sagang:flowbetweenfields,Flow between fields
sagang:flowpathlength,Flow path length
sagang:flowwidthandspecificcatchmentarea,Flow width and specific catchment area
sagang:focalmechanismbeachballplots,Focal mechanism (beachball plots)
sagang:focalpcaonagrid,Focal pca on a grid
sagang:focalstatistics,Focal statistics
sagang:fourierfiltervigra,Fourier filter (vigra)
sagang:fouriertransforminversevigra,Fourier transform inverse (vigra)
sagang:fouriertransformvigra,Fourier transform (vigra)
sagang:fractalbrowniannoise,Fractal brownian noise
sagang:fragmentationalternative,Fragmentation (alternative)
sagang:fragmentationclassesfromdensityandconnectivity,Fragmentation classes from density and connectivity
sagang:fragmentationstandard,Fragmentation (standard)
sagang:frequencydomainfilter,Frequency domain filter
sagang:frostchangefrequency,Frost change frequency
sagang:functionplotter,Function plotter
sagang:fuzzify,Fuzzify
sagang:fuzzyintersectionand,Fuzzy intersection (and)
sagang:fuzzylandformelementclassification,Fuzzy landform element classification
sagang:fuzzyunionor,Fuzzy union (or)
sagang:gaussianfilter,Gaussian filter
sagang:gdalformats,Gdal formats
sagang:generateshapes,Generate shapes
sagang:geocoding,Geocoding
sagang:geodesicmorphologicalreconstruction,Geodesic morphological reconstruction
sagang:geographiccoordinategrids,Geographic coordinate grids
sagang:geographicdistances,Geographic distances
sagang:geographicdistancespairofcoordinates,Geographic distances (pair of coordinates)
sagang:geometricfigures,Geometric figures
sagang:geomorphons,Geomorphons
sagang:georeferencewithcoordinategrids,Georeference with coordinate grids
sagang:getgridfromvirtualpointcloud,Get grid from virtual point cloud
sagang:getsubsetfromvirtualpointcloud,Get subset from virtual point cloud
sagang:globalmoransiforrasterlayer,Global moran's i for raster layer
sagang:gpsbabel,Gpsbabel
sagang:gpxtoshapefile,Gpx to shapefile
sagang:gradientlinesfrompoints,Gradient lines from points
sagang:gradientvectorfromcartesiantopolarcoordinates,Gradient vector from cartesian to polar coordinates
sagang:gradientvectorfrompolartocartesiancoordinates,Gradient vector from polar to cartesian coordinates
sagang:gradientvectorsfromdirectionalcomponents,Gradient vectors from directional components
sagang:gradientvectorsfromdirectionandlength,Gradient vectors from direction and length
sagang:gradientvectorsfromsurface,Gradient vectors from surface
sagang:gravitationalprocesspathmodel,Gravitational process path model
sagang:gridcalculator,Grid calculator
sagang:gridcellareacoveredbypolygons,Grid cell area covered by polygons
sagang:gridclassesareaforpolygons,Grid classes area for polygons
sagang:gridcombination,Gridcombination
sagang:gridnormalization,Grid normalization
sagang:gridsfromclassifiedgridandtable,Grids from classified grid and table
sagang:gridstandardization,Grid standardization
sagang:gridstatisticsforpoints,Grid statistics for points
sagang:gridsystemextent,Grid system extent
sagang:gridvaluesandpolygonattributestopoints,Grid values and polygon attributes to points
sagang:groundclassification,Ground classification
sagang:growingdegreedays,Growing degree days
sagang:gwrforgriddownscaling,Gwr for grid downscaling
sagang:gwrformultiplepredictorlayers,Gwr for multiple predictor layers
sagang:gwrformultiplepredictorsgriddedmodeloutput,Gwr for multiple predictors (gridded model output)
sagang:gwrformultiplepredictorsshapes,Gwr for multiple predictors (shapes)
sagang:gwrforsinglepredictorgriddedmodeloutput,Gwr for single predictor (gridded model output)
sagang:gwrforsinglepredictorlayer,Gwr for single predictor layer
sagang:histogrammatching,Histogram matching
sagang:hodgepodgemachine,Hodgepodge machine
sagang:houghcircletransformation,Hough circle transformation
sagang:hypsometry,Hypsometry
sagang:ihssharpening,Ihs sharpening
sagang:imcorrfeaturetracking,Imcorr - feature tracking
sagang:importatlasboundaryfile,Import atlas boundary file
sagang:importbuildingsketchesfromcitygml,Import building sketches from citygml
sagang:importclipandresamplegrids,"Import, clip and resample grids"
sagang:importcrugrids,Import cru grids
sagang:importerdaslangis,Import erdas lan/gis
sagang:importfromvirtualrastervrt,Import from virtual raster (vrt)
sagang:importgpx,Import gpx
sagang:importgridsfromkml,Import grids from kml
sagang:importgstatshapes,Import gstat shapes
sagang:importlandsatscene,Import landsat scene
sagang:importnetcdf,Import netcdf
sagang:importpointcloud,Import point cloud
sagang:importpointcloudfromptsfile,Import point cloud from pts file
sagang:importraster,Import raster
sagang:importsentinel2scene,Import sentinel-2 scene
sagang:importsentinel3olciscene,Import sentinel-3 olci scene
sagang:importshapes,Import shapes
sagang:importshapesfromxyz,Import shapes from xyz
sagang:importsimplefeaturesfromwellknowntext,Import simple features from well known text
sagang:importsurferblankingfiles,Import surfer blanking files
sagang:importtexttable,Import text table
sagang:importtexttables,Import text tables
sagang:importtexttablewithnumbersonly,Import text table with numbers only
sagang:importusgssrtmgrid,Import usgs srtm grid
sagang:importwaspterrainmapfile,Import wasp terrain map file
sagang:importwrfgeogridbinaryformat,Import wrf geogrid binary format
sagang:interpolatecubicspline,Interpolate (cubic spline)
sagang:intersect,Intersect
sagang:inversedistanceweightedinterpolation,Inverse distance weighted interpolation
sagang:inversefouriertransformation,Inverse fourier transformation
sagang:inverseprincipalcomponentsrotation,Inverse principal components rotation
sagang:invertdatanodata,Invert data/no-data
sagang:invertgrid,Invert grid
sagang:invertselectionofshapeslayer,Invert selection of shapes layer
sagang:isochronesvariablespeed,Isochrones variable speed
sagang:isodataclusteringforgrids,Isodata clustering for grids
sagang:isolatedpointsfilter,Isolated points filter
sagang:iterativetruncation,Iterative truncation
sagang:kerneldensityestimation,Kernel density estimation
sagang:kmeansclusteringforgrids,K-means clustering for grids
sagang:knearestneighboursclassification,K-nearest neighbours classification
sagang:landcoverscenariooffset,Land cover scenario offset
sagang:landflowversion10build351b,Landflow version 1.0 (build 3.5.1b)
sagang:landsatimportwithoptions,Landsat import with options
sagang:landsurfacetemperature,Land surface temperature
sagang:landsurfacetemperaturelapserates,Land surface temperature (lapse rates)
sagang:landusescenariogenerator,Land use scenario generator
sagang:laplacianfilter,Laplacian filter
sagang:lapseratebasedtemperaturedownscaling,Lapse rate based temperature downscaling
sagang:lapseratebasedtemperaturedownscalingbulkprocessing,Lapse rate based temperature downscaling (bulk processing)
sagang:largestcirclesinpolygons,Largest circles in polygons
sagang:latitudelongitudegraticule,Latitude/longitude graticule
sagang:layerofextremevalue,Layer of extreme value
sagang:leastcostpaths,Least cost paths
sagang:linecrossings,Line crossings
sagang:linedissolve,Line dissolve
sagang:linepartstoseparatelines,Line parts to separate lines
sagang:linepolygonintersection,Line-polygon intersection
sagang:lineproperties,Line properties
sagang:linesimplification,Line simplification
sagang:linesmoothing,Line smoothing
sagang:localclimatezoneclassification,Local climate zone classification
sagang:localminimaandmaxima,Local minima and maxima
sagang:localstatisticalmeasures,Local statistical measures
sagang:logisticregressionclassification,Logistic regression classification
sagang:longitudinalgridstatistics,Longitudinal grid statistics
sagang:lsfactor,Ls factor
sagang:lsfactorfieldbased,"Ls-factor, field based"
sagang:lsfactoronestep,Ls factor (one step)
sagang:majorityminorityfilter,Majority/minority filter
sagang:massbalanceindex,Mass balance index
sagang:maximumentropyclassification,Maximum entropy classification
sagang:maximumentropypresenceprediction,Maximum entropy presence prediction
sagang:maximumflowpathlength,Maximum flow path length
sagang:meltonruggednessnumber,Melton ruggedness number
sagang:mergepointclouds,Merge point clouds
sagang:mergetables,Merge tables
sagang:mergevectorlayers,Merge vector layers
sagang:meridionalgridstatistics,Meridional grid statistics
sagang:meshdenoise,Mesh denoise
sagang:metricconversions,Metric conversions
sagang:minimumdistanceanalysis,Minimum distance analysis
sagang:mirrorgrid,Mirror grid
sagang:mmfsagasoilerosionmodel,Mmf-saga soil erosion model
sagang:modifedquadraticshepard,Modifed quadratic shepard
sagang:monthlyglobalbylatitude,Monthly global by latitude
sagang:morphologicalfilter,Morphological filter
sagang:morphologicalfilteropencv,Morphological filter (opencv)
sagang:morphologicalfiltervigra,Morphological filter (vigra)
sagang:morphometricfeatures,Morphometric features
sagang:morphometricprotectionindex,Morphometric protection index
sagang:mosaicking,Mosaicking
sagang:multibandvariation,Multi-band variation
sagang:multidirectionleefilter,Multi direction lee filter
sagang:multilevelbspline,Multilevel b-spline
sagang:multilevelbsplineforcategories,Multilevel b-spline for categories
sagang:multilevelbsplinefromgridpoints,Multilevel b-spline from grid points
sagang:multiplelinearregressionanalysisshapes,Multiple linear regression analysis (shapes)
sagang:multiplelinearregressionanalysistable,Multiple linear regression analysis (table)
sagang:multipleregressionanalysisgridandpredictorgrids,Multiple regression analysis (grid and predictor grids)
sagang:multipleregressionanalysispointsandpredictorgrids,Multiple regression analysis (points and predictor grids)
sagang:multiresolutionindexofvalleybottomflatnessmrvbf,Multiresolution index of valley bottom flatness (mrvbf)
sagang:multiscaletopographicpositionindextpi,Multi-scale topographic position index (tpi)
sagang:naturalneighbour,Natural neighbour
sagang:nearestneighbour,Nearest neighbour
sagang:normalbayesclassification,Normal bayes classification
sagang:notchfilterforgrids,Notch filter for grids
sagang:objectbasedimagesegmentation,Object based image segmentation
sagang:objectenumeration,Object enumeration
sagang:ordinarykriging,Ordinary kriging
sagang:overlandflow,Overland flow
sagang:overlandflowdistancetochannelnetwork,Overland flow distance to channel network
sagang:overlandflowkinematicwave,Overland flow (kinematic wave)
sagang:patching,Patching
sagang:patternanalysis,Pattern analysis
sagang:phenipsgridsannual,"Phenips (grids, annual)"
sagang:phenipsgridsdays,"Phenips (grids, days)"
sagang:phenipstable,Phenips (table)
sagang:pointcloudattributecalculator,Point cloud attribute calculator
sagang:pointcloudfromgridpoints,Point cloud from grid points
sagang:pointcloudfromshapes,Point cloud from shapes
sagang:pointcloudfromtable,Point cloud from table
sagang:pointcloudthinningsimple,Point cloud thinning (simple)
sagang:pointcloudtoshapes,Point cloud to shapes
sagang:pointsfilter,Points filter
sagang:pointstatisticsforpolygons,Point statistics for polygons
sagang:pointthinning,Point thinning
sagang:pointtolinedistances,Point to line distances
sagang:pointtopointdistances,Point to point distances
sagang:polartocartesiancoordinates,Polar to cartesian coordinates
sagang:polygoncategoriestogrid,Polygon categories to grid
sagang:polygoncentroids,Polygon centroids
sagang:polygonclipping,Polygon clipping
sagang:polygondissolve,Polygon dissolve
sagang:polygongeneralization,Polygon generalization
sagang:polygonidentity,Polygon identity
sagang:polygonlineintersection,Polygon-line intersection
sagang:polygonpartstoseparatepolygons,Polygon parts to separate polygons
sagang:polygonproperties,Polygon properties
sagang:polygonselfintersection,Polygon self-intersection
sagang:polygonshapeindices,Polygon shape indices
sagang:polygonstoedgesandnodes,Polygons to edges and nodes
sagang:polygonstogrid,Polygons to grid
sagang:polygonunion,Polygon union
sagang:polygonupdate,Polygon update
sagang:polynomialregression,Polynomial regression
sagang:populatepolygonswithpoints,Populate polygons with points
sagang:potentialincomingsolarradiation,Potential incoming solar radiation
sagang:principalcomponentanalysis,Principal component analysis
sagang:principalcomponentbasedimagesharpening,Principal component based image sharpening
sagang:profilefrompoints,Profile from points
sagang:profilesfromlines,Profiles from lines
sagang:proximityraster,Proximity raster
sagang:quadtreestructuretopolygons,Quadtree structure to polygons
sagang:quasidynamicflowaccumulation,Quasi-dynamic flow accumulation
sagang:radiusofvarianceraster,Radius of variance (raster)
sagang:randomfield,Random field
sagang:randomforestclassification,Random forest classification
sagang:randomforestclassificationvigra,Random forest classification (vigra)
sagang:randomforestpresencepredictionvigra,Random forest presence prediction (vigra)
sagang:randomforesttableclassificationvigra,Random forest table classification (vigra)
sagang:randomterrain,Random terrain
sagang:rankfilter,Rank filter
sagang:raosqdiversityindex,Rao's q diversity index
sagang:raosqdiversityindexclassic,Rao's q diversity index (classic)
sagang:rasterbuffer,Raster buffer
sagang:rastercellindex,Raster cell index
sagang:rasterdifference,Raster difference
sagang:rasterdivision,Raster division
sagang:rasterize,Rasterize
sagang:rastermasking,Raster masking
sagang:rasterproduct,Raster product
sagang:rasterproximitybuffer,Raster proximity buffer
sagang:rasterskeletonization,Raster skeletonization
sagang:rasterssum,Rasters sum
sagang:rasterstatisticsforpolygons,Raster statistics for polygons
sagang:rastervaluestopoints,Raster values to points
sagang:rastervaluestopointsrandomly,Raster values to points (randomly)
sagang:rastervolume,Raster volume
sagang:realsurfacearea,Real surface area
sagang:regressionanalysispointsandpredictorgrid,Regression analysis (points and predictor grid)
sagang:regressionkriging,Regression kriging
sagang:relativeheightsandslopepositions,Relative heights and slope positions
sagang:reliefsegmentation,Relief segmentation
sagang:removeboundarypolygons,Remove boundary polygons
sagang:removeduplicatepoints,Remove duplicate points
sagang:removeinvalidshapes,Remove invalid shapes
sagang:removeoverlapfromvirtualpointcloudtiles,Remove overlap from virtual point cloud tiles
sagang:removesmallpixelclumpstonodata,Remove small pixel clumps (to no-data)
sagang:representativenessgrid,Representativeness (grid)
sagang:resampling,Resampling
sagang:resamplingfilter,Resampling filter
sagang:resectionterrestrial,Resection (terrestrial)
sagang:riverbasin,Riverbasin
sagang:rivergridgeneration,Rivergridgeneration
sagang:rotatedtoregulargrid,Rotated to regular grid
sagang:safetyfactor,Safetyfactor
sagang:sagawetnessindex,Saga wetness index
sagang:salem,Salem
sagang:savegridstatisticstotable,Save grid statistics to table
sagang:seededregiongrowing,Seeded region growing
sagang:seedgeneration,Seed generation
sagang:selectanddelete,Select and delete
sagang:selectbyattributesstringexpression,Select by attributes... (string expression)
sagang:selectbylocation,Select by location...
sagang:selectgridfromlist,Select grid from list
sagang:selectpointcloudfromlist,Select point cloud from list
sagang:selectshapesfromlist,Select shapes from list
sagang:separatepointsbydirection,Separate points by direction
sagang:setcoordinatereferencesystem,Set coordinate reference system
sagang:shalstab,Shalstab
sagang:shannonindex,Shannon index
sagang:shapesbuffer,Shapes buffer
sagang:sharedpolygonedges,Shared polygon edges
sagang:sharpeningfilter,Sharpening filter
sagang:shrinkandexpand,Shrink and expand
sagang:sieveandclump,Sieve and clump
sagang:sieveclasses,Sieve classes
sagang:simplefilter,Simple filter
sagang:simplefilterformultiplegrids,Simple filter for multiple grids
sagang:simplefilterrestrictedtopolygons,Simple filter (restricted to polygons)
sagang:simplekriging,Simple kriging
sagang:simpsonindex,Simpson index
sagang:simulation,Simulation
sagang:singlecoordinatetransformation,Single coordinate transformation
sagang:singlevaluedecompositionopencv,Single value decomposition (opencv)
sagang:sinkdrainageroutedetection,Sink drainage route detection
sagang:sinkremoval,Sink removal
sagang:skyviewfactor,Sky view factor
sagang:slopeaspectcurvature,"Slope, aspect, curvature"
sagang:slopelength,Slope length
sagang:slopelimitedflowaccumulation,Slope limited flow accumulation
sagang:smoothingvigra,Smoothing (vigra)
sagang:snappointstogrid,Snap points to grid
sagang:snappointstolines,Snap points to lines
sagang:snappointstopoints,Snap points to points
sagang:snappointstopolygons,Snap points to polygons
sagang:snowcover,Snow cover
sagang:soilwaterbalancedays,Soil water balance (days)
sagang:spatialpointpatternanalysis,Spatial point pattern analysis
sagang:spectralprofile,Spectral profile
sagang:splitlines,Split lines
sagang:splitlinesatpoints,Split lines at points
sagang:splitlineswithlines,Split lines with lines
sagang:splitrgbbands,Split RGB bands
sagang:splitshapeslayer,Split shapes layer
sagang:splitshapeslayercompletely,Split shapes layer completely
sagang:splitshapeslayerrandomly,Split shapes layer randomly
sagang:splittableshapesbyattribute,Split table/shapes by attribute
sagang:statisticsforrasters,Statistics for rasters
sagang:stereomatchopencv,Stereo match (opencv)
sagang:strahlerorder,Strahler order
sagang:streampowerindex,Stream power index
sagang:successiveflowrouting,Successive flow routing
sagang:summitextraction,Summit extraction
sagang:sunriseandsunset,Sunrise and sunset
sagang:superpixelsegmentation,Superpixel segmentation
sagang:supervisedimageclassification,Supervised image classification
sagang:supervisedmajoritychoiceimageclassification,Supervised majority choice image classification
sagang:supportvectormachineclassification,Support vector machine classification
sagang:surfaceandgradient,Surface and gradient
sagang:surfacegradientandconcentration,"Surface, gradient and concentration"
sagang:surfacespecificpoints,Surface specific points
sagang:svmclassification,Svm classification
sagang:symmetricaldifference,Symmetrical difference
sagang:tasseledcaptransformation,Tasseled cap transformation
sagang:tcilow,Tci low
sagang:temperaturelapserates,Temperature lapse rates
sagang:terrainclustering,Terrain clustering
sagang:terrainflooding,Terrain flooding
sagang:terrainruggednessindextri,Terrain ruggedness index (tri)
sagang:terrainsurfaceclassificationiwahashiandpike,Terrain surface classification (iwahashi and pike)
sagang:terrainsurfaceconvexity,Terrain surface convexity
sagang:terrainsurfacetexture,Terrain surface texture
sagang:texturalfeatures,Textural features
sagang:thermicbeltclassification,Thermic belt classification
sagang:thiessenpolygons,Thiessen polygons
sagang:thinplatespline,Thin plate spline
sagang:thinplatesplinetin,Thin plate spline (tin)
sagang:thresholdrasterbuffer,Threshold raster buffer
sagang:tiling,Tiling
sagang:tissotsindicatrix,Tissot's indicatrix
sagang:tobia,Tobia
sagang:topmodel,Topmodel
sagang:topofatmospherereflectance,Top of atmosphere reflectance
sagang:topographiccorrection,Topographic correction
sagang:topographicopenness,Topographic openness
sagang:topographicpositionindextpi,Topographic position index (tpi)
sagang:topographicwetnessindexonestep,Topographic wetness index (one step)
sagang:topographicwetnessindextwi,Topographic wetness index (twi)
sagang:tpibasedlandformclassification,Tpi based landform classification
sagang:transectthroughpolygonshapefile,Transect through polygon shapefile
sagang:transformpointcloud,Transform point cloud
sagang:transformvectorlayer,Transform vector layer
sagang:transposerasterlayers,Transpose raster layers
sagang:traveltimecalculation,Travel time calculation
sagang:treegrowthseason,Tree growth season
sagang:trendanalysis,Trend analysis
sagang:trendanalysisshapes,Trend analysis (shapes)
sagang:triangulation,Triangulation
sagang:uniquevaluestatisticsforgrids,Unique value statistics for grids
sagang:universalimagequalityindex,Universal image quality index
sagang:universalkriging,Universal kriging
sagang:upslopeanddownslopecurvature,Upslope and downslope curvature
sagang:upslopearea,Upslope area
sagang:upslopeheightslopeaspect,"Upslope height, slope, aspect"
sagang:userdefinedfilter,User defined filter
sagang:utmprojectiongrid,Utm projection (grid)
sagang:utmprojectiongridlist,Utm projection (grid list)
sagang:utmprojectionshapes,Utm projection (shapes)
sagang:utmprojectionshapeslist,Utm projection (shapes list)
sagang:valleyandridgedetectiontophatapproach,Valley and ridge detection (top hat approach)
sagang:valleydepth,Valley depth
sagang:variogram,Variogram
sagang:variogramcloud,Variogram cloud
sagang:variogramdialog,Variogram (dialog)
sagang:vectorizinggridclasses,Vectorizing grid classes
sagang:vectorruggednessmeasurevrm,Vector ruggedness measure (vrm)
sagang:vegetationindexdistancebased,Vegetation index (distance based)
sagang:vegetationindexslopebased,Vegetation index (slope based)
sagang:verticaldistancetochannelnetwork,Vertical distance to channel network
sagang:visibilityanalysis,Visibility analysis
sagang:warpingshapes,Warping shapes
sagang:waterretentioncapacity,Water retention capacity
sagang:watershedbasins,Watershed basins
sagang:watershedbasinsextended,Watershed basins (extended)
sagang:watershedimagesegmentation,Watershed image segmentation
sagang:watershedsegmentationvigra,Watershed segmentation (vigra)
sagang:wator,Wa-tor
sagang:wedgefail,Wedgefail
sagang:wetness,Wetness
sagang:windeffectcorrection,Wind effect correction
sagang:windeffectwindwardleewardindex,Wind effect (windward / leeward index)
sagang:windexpositionindex,Wind exposition index
sagang:windshelterindex,Wind shelter index
sagang:womblingedgedetection,Wombling (edge detection)
sagang:womblingformultiplefeaturesedgedetection,Wombling for multiple features (edge detection)
sagang:worldfilefromflightandcamerasettings,World file from flight and camera settings
sagang:zonalmultipleregressionanalysispointsandpredictorgrids,Zonal multiple regression analysis (points and predictor grids)
sagang:zonalrasterstatistics,Zonal raster statistics
